PRAGMA foreign_keys=OFF;
BEGIN TRANSACTION;
CREATE TABLE IF NOT EXISTS "django_migrations" ("id" integer NOT NULL PRIMARY KEY AUTOINCREMENT, "app" varchar(255) NOT NULL, "name" varchar(255) NOT NULL, "applied" datetime NOT NULL);
INSERT INTO django_migrations VALUES(1,'ApiMySlot','0001_initial','2025-01-11 12:33:59.567292');
INSERT INTO django_migrations VALUES(2,'contenttypes','0001_initial','2025-01-11 12:33:59.583092');
INSERT INTO django_migrations VALUES(3,'auth','0001_initial','2025-01-11 12:33:59.607392');
INSERT INTO django_migrations VALUES(4,'admin','0001_initial','2025-01-11 12:33:59.622698');
INSERT INTO django_migrations VALUES(5,'admin','0002_logentry_remove_auto_add','2025-01-11 12:33:59.641005');
INSERT INTO django_migrations VALUES(6,'admin','0003_logentry_add_action_flag_choices','2025-01-11 12:33:59.656577');
INSERT INTO django_migrations VALUES(7,'contenttypes','0002_remove_content_type_name','2025-01-11 12:33:59.686725');
INSERT INTO django_migrations VALUES(8,'auth','0002_alter_permission_name_max_length','2025-01-11 12:33:59.704936');
INSERT INTO django_migrations VALUES(9,'auth','0003_alter_user_email_max_length','2025-01-11 12:33:59.728692');
INSERT INTO django_migrations VALUES(10,'auth','0004_alter_user_username_opts','2025-01-11 12:33:59.748684');
INSERT INTO django_migrations VALUES(11,'auth','0005_alter_user_last_login_null','2025-01-11 12:33:59.763363');
INSERT INTO django_migrations VALUES(12,'auth','0006_require_contenttypes_0002','2025-01-11 12:33:59.766213');
INSERT INTO django_migrations VALUES(13,'auth','0007_alter_validators_add_error_messages','2025-01-11 12:33:59.777182');
INSERT INTO django_migrations VALUES(14,'auth','0008_alter_user_username_max_length','2025-01-11 12:33:59.799581');
INSERT INTO django_migrations VALUES(15,'auth','0009_alter_user_last_name_max_length','2025-01-11 12:33:59.813151');
INSERT INTO django_migrations VALUES(16,'auth','0010_alter_group_name_max_length','2025-01-11 12:33:59.832069');
INSERT INTO django_migrations VALUES(17,'auth','0011_update_proxy_permissions','2025-01-11 12:33:59.844521');
INSERT INTO django_migrations VALUES(18,'auth','0012_alter_user_first_name_max_length','2025-01-11 12:33:59.863389');
INSERT INTO django_migrations VALUES(19,'sessions','0001_initial','2025-01-11 12:33:59.868436');
CREATE TABLE IF NOT EXISTS "ApiMySlot_availabilities" ("Id" integer NOT NULL PRIMARY KEY AUTOINCREMENT, "Start" datetime NOT NULL, "End" datetime NOT NULL, "CreatedAt" datetime NOT NULL);
CREATE TABLE IF NOT EXISTS "ApiMySlot_reservations" ("Id" integer NOT NULL PRIMARY KEY AUTOINCREMENT, "Title" varchar(500) NOT NULL, "Email" varchar(254) NOT NULL, "Start" datetime NOT NULL, "End" datetime NOT NULL, "CreatedAt" datetime NULL);
INSERT INTO ApiMySlot_reservations VALUES(62,'ada','tes@gma.co','2025-01-13 15:00:00','2025-01-13 16:00:00','2025-01-13 14:34:52.553031');
INSERT INTO ApiMySlot_reservations VALUES(63,'afd','es@asfd.ca','2025-01-13 15:30:00','2025-01-13 16:00:00','2025-01-13 14:34:59.366464');
INSERT INTO ApiMySlot_reservations VALUES(64,'asdf','adf@fd.cao','2025-01-13 16:00:00','2025-01-13 16:30:00','2025-01-13 14:35:04.103027');
CREATE TABLE IF NOT EXISTS "ApiMySlot_tests" ("Id" integer NOT NULL PRIMARY KEY AUTOINCREMENT, "Title" varchar(500) NOT NULL);
CREATE TABLE IF NOT EXISTS "auth_group_permissions" ("id" integer NOT NULL PRIMARY KEY AUTOINCREMENT, "group_id" integer NOT NULL REFERENCES "auth_group" ("id") DEFERRABLE INITIALLY DEFERRED, "permission_id" integer NOT NULL REFERENCES "auth_permission" ("id") DEFERRABLE INITIALLY DEFERRED);
CREATE TABLE IF NOT EXISTS "auth_user_groups" ("id" integer NOT NULL PRIMARY KEY AUTOINCREMENT, "user_id" integer NOT NULL REFERENCES "auth_user" ("id") DEFERRABLE INITIALLY DEFERRED, "group_id" integer NOT NULL REFERENCES "auth_group" ("id") DEFERRABLE INITIALLY DEFERRED);
CREATE TABLE IF NOT EXISTS "auth_user_user_permissions" ("id" integer NOT NULL PRIMARY KEY AUTOINCREMENT, "user_id" integer NOT NULL REFERENCES "auth_user" ("id") DEFERRABLE INITIALLY DEFERRED, "permission_id" integer NOT NULL REFERENCES "auth_permission" ("id") DEFERRABLE INITIALLY DEFERRED);
CREATE TABLE IF NOT EXISTS "django_admin_log" ("id" integer NOT NULL PRIMARY KEY AUTOINCREMENT, "object_id" text NULL, "object_repr" varchar(200) NOT NULL, "action_flag" smallint unsigned NOT NULL CHECK ("action_flag" >= 0), "change_message" text NOT NULL, "content_type_id" integer NULL REFERENCES "django_content_type" ("id") DEFERRABLE INITIALLY DEFERRED, "user_id" integer NOT NULL REFERENCES "auth_user" ("id") DEFERRABLE INITIALLY DEFERRED, "action_time" datetime NOT NULL);
INSERT INTO django_admin_log VALUES(1,'16','Availabilities object (16)',1,'[{"added": {}}]',7,1,'2025-01-11 18:53:31.292085');
INSERT INTO django_admin_log VALUES(2,'10','Reservations object (10)',3,'',8,1,'2025-01-11 19:08:14.834256');
INSERT INTO django_admin_log VALUES(3,'9','Reservations object (9)',3,'',8,1,'2025-01-11 19:08:14.834338');
INSERT INTO django_admin_log VALUES(4,'8','Reservations object (8)',3,'',8,1,'2025-01-11 19:08:14.834375');
INSERT INTO django_admin_log VALUES(5,'6','Reservations object (6)',3,'',8,1,'2025-01-11 19:08:14.834405');
INSERT INTO django_admin_log VALUES(6,'4','Reservations object (4)',3,'',8,1,'2025-01-11 19:08:14.834434');
INSERT INTO django_admin_log VALUES(7,'3','Reservations object (3)',3,'',8,1,'2025-01-11 19:08:14.834461');
INSERT INTO django_admin_log VALUES(8,'2','Reservations object (2)',3,'',8,1,'2025-01-11 19:08:14.834489');
INSERT INTO django_admin_log VALUES(9,'16','Reservations object (16)',3,'',8,1,'2025-01-12 15:33:57.504259');
INSERT INTO django_admin_log VALUES(10,'15','Reservations object (15)',3,'',8,1,'2025-01-12 15:33:57.504324');
INSERT INTO django_admin_log VALUES(11,'14','Reservations object (14)',3,'',8,1,'2025-01-12 15:33:57.504347');
INSERT INTO django_admin_log VALUES(12,'13','Reservations object (13)',3,'',8,1,'2025-01-12 15:33:57.504365');
INSERT INTO django_admin_log VALUES(13,'12','Reservations object (12)',3,'',8,1,'2025-01-12 15:33:57.504382');
INSERT INTO django_admin_log VALUES(14,'24','Reservations object (24)',3,'',8,1,'2025-01-12 17:52:04.356113');
INSERT INTO django_admin_log VALUES(15,'23','Reservations object (23)',3,'',8,1,'2025-01-12 17:52:04.356380');
INSERT INTO django_admin_log VALUES(16,'22','Reservations object (22)',3,'',8,1,'2025-01-12 17:52:04.356405');
INSERT INTO django_admin_log VALUES(17,'21','Reservations object (21)',3,'',8,1,'2025-01-12 17:52:04.356423');
INSERT INTO django_admin_log VALUES(18,'20','Reservations object (20)',3,'',8,1,'2025-01-12 17:52:04.356438');
INSERT INTO django_admin_log VALUES(19,'19','Reservations object (19)',3,'',8,1,'2025-01-12 17:52:04.356453');
INSERT INTO django_admin_log VALUES(20,'18','Reservations object (18)',3,'',8,1,'2025-01-12 17:52:04.356468');
INSERT INTO django_admin_log VALUES(21,'17','Reservations object (17)',3,'',8,1,'2025-01-12 17:52:04.356482');
INSERT INTO django_admin_log VALUES(22,'22','Availabilities object (22)',3,'',7,1,'2025-01-12 17:52:12.973769');
INSERT INTO django_admin_log VALUES(23,'21','Availabilities object (21)',3,'',7,1,'2025-01-12 17:52:12.973813');
INSERT INTO django_admin_log VALUES(24,'19','Availabilities object (19)',3,'',7,1,'2025-01-12 17:52:12.973832');
INSERT INTO django_admin_log VALUES(25,'18','Availabilities object (18)',3,'',7,1,'2025-01-12 17:52:12.973848');
INSERT INTO django_admin_log VALUES(26,'17','Availabilities object (17)',3,'',7,1,'2025-01-12 17:52:12.973863');
INSERT INTO django_admin_log VALUES(27,'16','Availabilities object (16)',3,'',7,1,'2025-01-12 17:52:12.973878');
INSERT INTO django_admin_log VALUES(28,'27','Reservations object (27)',3,'',8,1,'2025-01-12 18:29:12.698187');
INSERT INTO django_admin_log VALUES(29,'26','Reservations object (26)',3,'',8,1,'2025-01-12 18:29:12.698226');
INSERT INTO django_admin_log VALUES(30,'25','Reservations object (25)',3,'',8,1,'2025-01-12 18:29:12.698244');
INSERT INTO django_admin_log VALUES(31,'30','Reservations object (30)',3,'',8,1,'2025-01-12 18:29:25.472999');
INSERT INTO django_admin_log VALUES(32,'29','Reservations object (29)',3,'',8,1,'2025-01-12 18:29:25.473038');
INSERT INTO django_admin_log VALUES(33,'28','Reservations object (28)',3,'',8,1,'2025-01-12 18:29:25.473056');
INSERT INTO django_admin_log VALUES(34,'33','Reservations object (33)',3,'',8,1,'2025-01-12 18:59:24.967577');
INSERT INTO django_admin_log VALUES(35,'32','Reservations object (32)',3,'',8,1,'2025-01-12 18:59:24.967617');
INSERT INTO django_admin_log VALUES(36,'31','Reservations object (31)',3,'',8,1,'2025-01-12 18:59:24.967635');
CREATE TABLE IF NOT EXISTS "django_content_type" ("id" integer NOT NULL PRIMARY KEY AUTOINCREMENT, "app_label" varchar(100) NOT NULL, "model" varchar(100) NOT NULL);
INSERT INTO django_content_type VALUES(1,'admin','logentry');
INSERT INTO django_content_type VALUES(2,'auth','permission');
INSERT INTO django_content_type VALUES(3,'auth','group');
INSERT INTO django_content_type VALUES(4,'auth','user');
INSERT INTO django_content_type VALUES(5,'contenttypes','contenttype');
INSERT INTO django_content_type VALUES(6,'sessions','session');
INSERT INTO django_content_type VALUES(7,'ApiMySlot','availabilities');
INSERT INTO django_content_type VALUES(8,'ApiMySlot','reservations');
INSERT INTO django_content_type VALUES(9,'ApiMySlot','tests');
CREATE TABLE IF NOT EXISTS "auth_permission" ("id" integer NOT NULL PRIMARY KEY AUTOINCREMENT, "content_type_id" integer NOT NULL REFERENCES "django_content_type" ("id") DEFERRABLE INITIALLY DEFERRED, "codename" varchar(100) NOT NULL, "name" varchar(255) NOT NULL);
INSERT INTO auth_permission VALUES(1,1,'add_logentry','Can add log entry');
INSERT INTO auth_permission VALUES(2,1,'change_logentry','Can change log entry');
INSERT INTO auth_permission VALUES(3,1,'delete_logentry','Can delete log entry');
INSERT INTO auth_permission VALUES(4,1,'view_logentry','Can view log entry');
INSERT INTO auth_permission VALUES(5,2,'add_permission','Can add permission');
INSERT INTO auth_permission VALUES(6,2,'change_permission','Can change permission');
INSERT INTO auth_permission VALUES(7,2,'delete_permission','Can delete permission');
INSERT INTO auth_permission VALUES(8,2,'view_permission','Can view permission');
INSERT INTO auth_permission VALUES(9,3,'add_group','Can add group');
INSERT INTO auth_permission VALUES(10,3,'change_group','Can change group');
INSERT INTO auth_permission VALUES(11,3,'delete_group','Can delete group');
INSERT INTO auth_permission VALUES(12,3,'view_group','Can view group');
INSERT INTO auth_permission VALUES(13,4,'add_user','Can add user');
INSERT INTO auth_permission VALUES(14,4,'change_user','Can change user');
INSERT INTO auth_permission VALUES(15,4,'delete_user','Can delete user');
INSERT INTO auth_permission VALUES(16,4,'view_user','Can view user');
INSERT INTO auth_permission VALUES(17,5,'add_contenttype','Can add content type');
INSERT INTO auth_permission VALUES(18,5,'change_contenttype','Can change content type');
INSERT INTO auth_permission VALUES(19,5,'delete_contenttype','Can delete content type');
INSERT INTO auth_permission VALUES(20,5,'view_contenttype','Can view content type');
INSERT INTO auth_permission VALUES(21,6,'add_session','Can add session');
INSERT INTO auth_permission VALUES(22,6,'change_session','Can change session');
INSERT INTO auth_permission VALUES(23,6,'delete_session','Can delete session');
INSERT INTO auth_permission VALUES(24,6,'view_session','Can view session');
INSERT INTO auth_permission VALUES(25,7,'add_availabilities','Can add availabilities');
INSERT INTO auth_permission VALUES(26,7,'change_availabilities','Can change availabilities');
INSERT INTO auth_permission VALUES(27,7,'delete_availabilities','Can delete availabilities');
INSERT INTO auth_permission VALUES(28,7,'view_availabilities','Can view availabilities');
INSERT INTO auth_permission VALUES(29,8,'add_reservations','Can add reservations');
INSERT INTO auth_permission VALUES(30,8,'change_reservations','Can change reservations');
INSERT INTO auth_permission VALUES(31,8,'delete_reservations','Can delete reservations');
INSERT INTO auth_permission VALUES(32,8,'view_reservations','Can view reservations');
INSERT INTO auth_permission VALUES(33,9,'add_tests','Can add tests');
INSERT INTO auth_permission VALUES(34,9,'change_tests','Can change tests');
INSERT INTO auth_permission VALUES(35,9,'delete_tests','Can delete tests');
INSERT INTO auth_permission VALUES(36,9,'view_tests','Can view tests');
CREATE TABLE IF NOT EXISTS "auth_group" ("id" integer NOT NULL PRIMARY KEY AUTOINCREMENT, "name" varchar(150) NOT NULL UNIQUE);
CREATE TABLE IF NOT EXISTS "auth_user" ("id" integer NOT NULL PRIMARY KEY AUTOINCREMENT, "password" varchar(128) NOT NULL, "last_login" datetime NULL, "is_superuser" bool NOT NULL, "username" varchar(150) NOT NULL UNIQUE, "last_name" varchar(150) NOT NULL, "email" varchar(254) NOT NULL, "is_staff" bool NOT NULL, "is_active" bool NOT NULL, "date_joined" datetime NOT NULL, "first_name" varchar(150) NOT NULL);
INSERT INTO auth_user VALUES(1,'pbkdf2_sha256$870000$XnevdiFm3oGoZ887MPciAR$9J7ML6nj7LN4A0cteEgYhkM2cQecV6McGCDwXeX1JDo=','2025-01-11 18:26:03.662602',1,'abdarrahmane','','abdarrahmane.neine@gmail.com',1,1,'2025-01-11 18:25:30.179489','');
CREATE TABLE IF NOT EXISTS "django_session" ("session_key" varchar(40) NOT NULL PRIMARY KEY, "session_data" text NOT NULL, "expire_date" datetime NOT NULL);
INSERT INTO django_session VALUES('3m54t2es3226gbtk0q78xwnsgsvzpinb','.eJxVjEEOwiAQRe_C2hAG6JS4dO8ZyMAMUjU0Ke3KeHdt0oVu_3vvv1Skba1x67LEidVZgTr9bonyQ9oO-E7tNus8t3WZkt4VfdCurzPL83K4fweVev3WFgGwCCV0UFwuybIfBdGyMySZrPFBwHjDHsYhBDdgAovGhQxowKn3B9gfNr0:1tWgBP:Ce6bRABWj8oS_PzfsnC3IuzL-1YB-5hPrXf7K1NzHss','2025-01-25 18:26:03.667148');
DELETE FROM sqlite_sequence;
INSERT INTO sqlite_sequence VALUES('django_migrations',19);
INSERT INTO sqlite_sequence VALUES('django_admin_log',36);
INSERT INTO sqlite_sequence VALUES('django_content_type',9);
INSERT INTO sqlite_sequence VALUES('auth_permission',36);
INSERT INTO sqlite_sequence VALUES('auth_group',0);
INSERT INTO sqlite_sequence VALUES('auth_user',1);
INSERT INTO sqlite_sequence VALUES('ApiMySlot_availabilities',44);
INSERT INTO sqlite_sequence VALUES('ApiMySlot_reservations',64);
CREATE UNIQUE INDEX "auth_group_permissions_group_id_permission_id_0cd325b0_uniq" ON "auth_group_permissions" ("group_id", "permission_id");
CREATE INDEX "auth_group_permissions_group_id_b120cbf9" ON "auth_group_permissions" ("group_id");
CREATE INDEX "auth_group_permissions_permission_id_84c5c92e" ON "auth_group_permissions" ("permission_id");
CREATE UNIQUE INDEX "auth_user_groups_user_id_group_id_94350c0c_uniq" ON "auth_user_groups" ("user_id", "group_id");
CREATE INDEX "auth_user_groups_user_id_6a12ed8b" ON "auth_user_groups" ("user_id");
CREATE INDEX "auth_user_groups_group_id_97559544" ON "auth_user_groups" ("group_id");
CREATE UNIQUE INDEX "auth_user_user_permissions_user_id_permission_id_14a6b632_uniq" ON "auth_user_user_permissions" ("user_id", "permission_id");
CREATE INDEX "auth_user_user_permissions_user_id_a95ead1b" ON "auth_user_user_permissions" ("user_id");
CREATE INDEX "auth_user_user_permissions_permission_id_1fbb5f2c" ON "auth_user_user_permissions" ("permission_id");
CREATE INDEX "django_admin_log_content_type_id_c4bce8eb" ON "django_admin_log" ("content_type_id");
CREATE INDEX "django_admin_log_user_id_c564eba6" ON "django_admin_log" ("user_id");
CREATE UNIQUE INDEX "django_content_type_app_label_model_76bd3d3b_uniq" ON "django_content_type" ("app_label", "model");
CREATE UNIQUE INDEX "auth_permission_content_type_id_codename_01ab375a_uniq" ON "auth_permission" ("content_type_id", "codename");
CREATE INDEX "auth_permission_content_type_id_2f476e4b" ON "auth_permission" ("content_type_id");
CREATE INDEX "django_session_expire_date_a5c62663" ON "django_session" ("expire_date");
COMMIT;
